timestamp,room_temp,room_hum,room_batt_mv,cpu_usage,cpu_temp,gpu_temp,gpu_usage,ram_usage,disk_usage
2026-05-20 02:02:13,28.68,35,2970,1.10,,31.00,0.00,27.10,11.30
2026-05-20 02:02:43,28.67,36,2970,1.90,,31.00,0.00,23.20,11.30
2026-05-20 02:03:14,28.67,36,2970,4.10,,31.00,6.00,23.10,11.30
2026-05-20 02:03:44,28.69,36,2970,3.80,,31.00,0.00,23.10,11.30
2026-05-20 02:04:14,28.72,36,2970,15.10,,31.00,0.00,23.10,11.30
2026-05-20 02:04:45,28.74,36,2924,6.10,,30.00,0.00,23.10,11.30
2026-05-20 02:05:15,28.74,36,2924,14.30,,30.00,0.00,23.20,11.30
2026-05-20 02:05:46,28.72,36,2924,2.20,,30.00,0.00,23.10,11.30
2026-05-20 02:06:16,28.79,35,2924,14.90,,30.00,0.00,23.00,11.30
2026-05-20 02:06:47,28.76,35,2924,0.50,,30.00,0.00,23.10,11.30
2026-05-20 02:07:17,28.79,35,2924,1.80,,30.00,0.00,23.00,11.30
2026-05-20 02:07:48,28.81,35,2924,14.70,,30.00,1.00,23.10,11.30
2026-05-20 02:08:18,28.81,35,2924,2.60,,30.00,1.00,23.10,11.30
2026-05-20 02:08:48,28.83,35,2924,14.00,,30.00,0.00,23.10,11.30
2026-05-20 02:09:19,28.84,35,2924,15.20,,30.00,0.00,23.00,11.30
2026-05-20 02:09:49,28.84,35,2912,14.80,,30.00,1.00,23.10,11.30
2026-05-20 02:10:20,28.83,35,2912,15.10,,30.00,1.00,23.00,11.30
2026-05-20 02:10:50,28.87,35,2912,0.60,,30.00,0.00,23.00,11.30
2026-05-20 02:11:21,28.83,35,2912,14.80,,30.00,0.00,23.00,11.30
2026-05-20 02:11:51,28.84,35,2912,14.20,,30.00,0.00,23.00,11.30
2026-05-20 09:55:25,23.82,40,2981,7.80,,27.00,0.00,17.40,11.30
2026-05-20 09:55:56,23.81,40,2981,8.90,,28.00,2.00,19.70,11.30
2026-05-20 09:56:26,23.81,41,2981,17.20,,29.00,5.00,20.10,11.30
2026-05-20 09:56:57,23.88,41,2981,16.90,,29.00,6.00,19.90,11.30
2026-05-20 09:57:27,23.88,41,2981,23.40,,30.00,6.00,19.70,11.30
2026-05-20 09:57:57,23.87,42,2981,15.10,,29.00,0.00,19.50,11.30
2026-05-20 09:58:28,23.89,42,2981,3.60,,29.00,0.00,20.40,11.30
2026-05-20 09:58:58,23.92,42,2981,1.00,,31.00,15.00,20.80,11.30
2026-05-20 09:59:29,23.92,42,2915,1.40,,30.00,7.00,20.60,11.30
2026-05-20 10:00:00,23.92,42,2915,2.20,,30.00,3.00,20.10,11.30
2026-05-20 10:00:30,23.95,42,2915,1.00,,30.00,0.00,20.80,11.30
2026-05-20 10:01:00,24.00,42,2915,4.40,,30.00,3.00,21.00,11.30
2026-05-20 10:01:31,23.95,42,2915,0.50,,30.00,0.00,21.00,11.30
2026-05-20 10:02:01,23.99,41,2915,0.60,,30.00,0.00,21.00,11.30
2026-05-20 10:02:32,24.02,41,2915,3.70,,30.00,0.00,21.20,11.30
2026-05-20 10:03:02,24.02,41,2915,2.10,,30.00,0.00,21.20,11.30
2026-05-20 10:03:33,24.02,41,2915,1.50,,30.00,0.00,21.20,11.30
2026-05-20 10:04:03,24.04,41,2915,1.10,,30.00,0.00,21.20,11.30
2026-05-20 10:04:34,24.10,40,2899,2.90,,30.00,0.00,21.10,11.30
2026-05-20 10:05:04,24.09,40,2899,0.90,,30.00,0.00,21.30,11.30
2026-05-20 10:05:35,24.12,40,2899,2.10,,30.00,0.00,21.20,11.30
2026-05-20 10:06:05,24.10,40,2899,1.80,,30.00,0.00,21.20,11.30
2026-05-20 10:06:36,24.13,40,2899,0.60,,30.00,0.00,21.60,11.30
2026-05-20 10:07:06,24.15,40,2899,0.90,,30.00,0.00,21.60,11.30
2026-05-20 10:07:37,24.17,40,2899,1.60,,30.00,0.00,21.50,11.30
2026-05-20 10:08:07,24.17,40,2899,0.80,,30.00,0.00,21.40,11.30
2026-05-20 10:08:38,24.18,40,2899,1.00,,30.00,0.00,21.40,11.30
2026-05-20 10:09:08,24.20,40,2899,0.70,,30.00,0.00,21.30,11.30
2026-05-20 10:09:39,24.21,40,2889,0.90,,30.00,0.00,21.30,11.30
2026-05-20 10:10:09,24.21,40,2889,3.40,,30.00,0.00,21.60,11.30
2026-05-20 10:10:40,24.23,40,2889,3.40,,30.00,0.00,21.10,11.30
2026-05-20 10:11:10,24.24,40,2889,0.70,,30.00,0.00,21.20,11.30
2026-05-20 10:11:41,24.28,40,2889,2.10,,30.00,0.00,21.20,11.30
2026-05-20 10:12:11,24.30,40,2889,2.40,,30.00,1.00,21.10,11.30
2026-05-20 10:12:42,24.31,40,2889,0.80,,30.00,0.00,21.10,11.30
2026-05-20 10:13:12,24.32,40,2889,0.70,,30.00,0.00,21.10,11.30
2026-05-20 10:13:43,24.33,40,2889,1.90,,30.00,0.00,21.10,11.30
2026-05-20 10:14:13,24.38,40,2889,6.00,,31.00,0.00,21.10,11.30
2026-05-20 10:14:44,24.40,40,2880,1.30,,30.00,0.00,21.20,11.30
2026-05-20 10:15:14,24.41,40,2880,1.00,,30.00,0.00,21.20,11.30
2026-05-20 10:15:45,24.42,40,2880,2.70,,30.00,0.00,21.30,11.30
2026-05-20 10:16:15,24.46,40,2880,0.40,,30.00,0.00,21.20,11.30
2026-05-20 10:16:46,24.47,40,2880,2.00,,30.00,1.00,21.20,11.30
2026-05-20 10:17:16,24.49,40,2880,3.20,,30.00,0.00,21.20,11.30
2026-05-20 10:17:47,24.54,41,2880,0.30,,30.00,1.00,21.20,11.30
2026-05-20 10:18:17,24.59,41,2880,0.60,,30.00,0.00,21.20,11.30
2026-05-20 10:18:48,24.56,41,2880,0.70,,30.00,0.00,21.20,11.30
2026-05-20 10:19:18,24.64,41,2880,0.50,,30.00,0.00,21.20,11.30
2026-05-20 10:19:49,24.67,41,2875,0.80,,30.00,0.00,21.20,11.30
2026-05-20 10:20:19,24.66,41,2875,0.40,,30.00,0.00,21.20,11.30
2026-05-20 10:20:50,24.67,41,2875,1.00,,30.00,0.00,21.10,11.30
2026-05-20 10:21:20,24.72,41,2875,3.10,,30.00,0.00,21.10,11.30
2026-05-20 10:21:51,24.70,40,2875,0.70,,30.00,0.00,21.20,11.30
2026-05-20 10:22:21,24.76,40,2875,3.00,,30.00,0.00,21.20,11.30
2026-05-20 10:22:52,24.77,40,2875,3.80,,30.00,0.00,21.30,11.30
2026-05-20 10:23:22,24.82,39,2875,0.40,,30.00,0.00,21.20,11.30
2026-05-20 10:23:53,24.82,39,2875,1.00,,30.00,0.00,21.20,11.30
2026-05-20 10:24:23,24.82,39,2865,0.60,,30.00,0.00,21.20,11.30
2026-05-20 10:24:54,24.86,39,2865,1.60,,30.00,0.00,21.20,11.30
2026-05-20 10:25:24,24.86,39,2865,2.10,,30.00,0.00,21.20,11.30
2026-05-20 10:25:55,24.89,39,2865,0.50,,30.00,1.00,21.20,11.30
2026-05-20 10:26:25,24.91,39,2865,0.20,,30.00,0.00,21.20,11.30
2026-05-20 10:26:56,24.95,39,2865,0.90,,30.00,0.00,21.20,11.30
2026-05-20 10:27:26,24.95,39,2865,0.40,,30.00,0.00,21.20,11.30
2026-05-20 10:27:57,24.95,39,2865,0.50,,30.00,0.00,21.20,11.30
2026-05-20 10:28:27,24.99,38,2865,0.40,,30.00,0.00,21.20,11.30
2026-05-20 10:28:58,25.00,38,2865,1.00,,30.00,0.00,21.10,11.30
2026-05-20 10:29:28,24.99,38,2866,0.60,,30.00,1.00,21.10,11.30
2026-05-20 10:29:59,25.02,38,2866,0.40,,30.00,0.00,21.20,11.30
2026-05-20 10:30:30,25.06,38,2866,0.50,,30.00,0.00,21.20,11.30
2026-05-20 10:31:00,25.07,38,2866,1.20,,30.00,0.00,21.20,11.30
2026-05-20 10:31:31,25.08,38,2866,0.40,,30.00,1.00,21.20,11.30
2026-05-20 10:32:01,25.09,38,2866,0.80,,30.00,0.00,21.10,11.30
2026-05-20 10:32:32,25.13,38,2866,0.60,,30.00,0.00,21.10,11.30
2026-05-20 10:33:02,25.11,38,2866,0.90,,30.00,0.00,21.10,11.30
2026-05-20 10:33:33,25.14,38,2866,1.20,,30.00,0.00,21.20,11.30
2026-05-20 10:34:03,25.17,38,2866,0.60,,30.00,0.00,21.20,11.30
2026-05-20 10:34:34,25.19,38,2862,0.70,,30.00,0.00,21.20,11.30
2026-05-20 10:35:04,25.20,38,2862,1.90,,30.00,0.00,21.20,11.30
2026-05-20 10:35:35,25.25,38,2862,0.80,,30.00,0.00,21.20,11.40
2026-05-20 10:36:05,25.26,38,2862,4.80,,30.00,1.00,21.40,11.30
2026-05-20 10:36:36,25.29,38,2862,4.50,,30.00,0.00,21.40,11.30
2026-05-20 10:37:06,25.32,38,2862,1.30,,30.00,0.00,21.40,11.30
2026-05-20 10:37:37,25.34,38,2862,1.10,,30.00,0.00,21.40,11.30
2026-05-20 10:38:07,25.42,39,2862,1.60,,30.00,0.00,21.50,11.30
2026-05-20 10:38:38,25.44,39,2862,1.70,,30.00,0.00,21.50,11.30
2026-05-20 10:39:08,25.46,39,2862,0.60,,30.00,0.00,21.50,11.30
2026-05-20 10:39:38,25.50,39,2864,0.50,,30.00,0.00,21.50,11.30
2026-05-20 10:40:09,25.51,39,2864,1.60,,30.00,0.00,21.50,11.30
2026-05-20 10:40:40,25.54,39,2864,1.10,,30.00,0.00,21.50,11.30
2026-05-20 10:41:10,25.59,39,2864,0.80,,30.00,0.00,21.50,11.30
2026-05-20 10:41:41,25.62,39,2864,0.90,,30.00,1.00,21.50,11.30
2026-05-20 10:42:11,25.62,39,2864,1.00,,30.00,0.00,21.40,11.30
2026-05-20 10:42:42,25.68,39,2864,1.50,,30.00,0.00,21.40,11.30
2026-05-20 10:43:12,25.66,38,2864,0.70,,30.00,1.00,21.40,11.30
2026-05-20 10:43:43,25.68,38,2864,2.90,,30.00,1.00,21.40,11.30
2026-05-20 10:44:13,25.70,38,2864,2.00,,30.00,0.00,21.40,11.30
2026-05-20 10:44:44,25.71,38,2862,0.30,,30.00,0.00,21.40,11.30
2026-05-20 10:45:14,25.75,38,2862,0.50,,30.00,0.00,21.40,11.30
2026-05-20 10:45:45,25.72,37,2862,0.80,,30.00,0.00,21.40,11.30
2026-05-20 10:46:15,25.77,37,2862,0.70,,30.00,0.00,21.40,11.30
2026-05-20 10:46:46,25.78,37,2862,0.50,,30.00,0.00,21.40,11.30
2026-05-20 10:47:16,25.80,37,2862,0.50,,30.00,0.00,21.40,11.30
2026-05-20 10:47:47,25.83,37,2862,5.80,,30.00,0.00,21.30,11.30
2026-05-20 10:48:17,25.83,37,2862,0.50,,30.00,0.00,21.40,11.30
2026-05-20 10:48:48,25.87,37,2862,0.80,,30.00,0.00,21.40,11.30
2026-05-20 10:49:18,25.86,37,2860,1.50,,30.00,1.00,21.40,11.30
2026-05-20 10:49:49,25.89,37,2860,2.00,,30.00,0.00,21.40,11.30
2026-05-20 10:50:19,25.89,37,2860,1.70,,30.00,0.00,21.40,11.30
2026-05-20 10:50:50,25.90,37,2860,0.70,,30.00,0.00,21.40,11.30
2026-05-20 10:51:20,25.92,37,2860,1.50,,30.00,0.00,21.40,11.30
2026-05-20 10:51:51,25.93,37,2860,5.50,,30.00,0.00,21.40,11.30
2026-05-20 10:52:21,25.94,37,2860,0.70,,30.00,1.00,21.40,11.30
2026-05-20 10:52:52,25.96,37,2860,0.50,,30.00,0.00,21.40,11.30
2026-05-20 10:53:22,25.99,37,2860,7.70,,30.00,0.00,21.40,11.30
2026-05-20 10:53:53,26.03,37,2860,0.70,,30.00,0.00,21.40,11.30
2026-05-20 10:54:23,26.02,37,2860,0.40,,30.00,0.00,21.40,11.30
2026-05-20 10:54:54,26.07,37,2860,0.90,,30.00,0.00,21.40,11.30
2026-05-20 10:55:24,26.10,37,2860,0.60,,30.00,1.00,21.40,11.30
2026-05-20 10:55:55,26.13,37,2860,20.20,,30.00,0.00,21.50,11.30
2026-05-20 10:56:25,26.14,37,2860,2.90,,30.00,0.00,21.40,11.30
2026-05-20 10:56:56,26.18,37,2860,18.90,,30.00,0.00,21.40,11.30
2026-05-20 10:57:26,26.20,37,2860,0.30,,30.00,0.00,21.40,11.30
2026-05-20 10:57:57,26.23,37,2860,14.10,,30.00,0.00,21.40,11.30
2026-05-20 10:58:27,26.26,37,2860,0.50,,30.00,0.00,21.50,11.30
2026-05-20 10:58:58,26.27,37,2860,4.60,,30.00,0.00,21.40,11.30
2026-05-20 10:59:28,26.33,37,2860,0.70,,30.00,0.00,21.40,11.30
2026-05-20 10:59:59,26.37,37,2860,0.30,,30.00,0.00,21.40,11.30
2026-05-20 11:00:30,26.40,37,2860,1.10,,31.00,0.00,21.40,11.30
2026-05-20 11:01:00,26.40,37,2860,0.60,,31.00,0.00,21.40,11.30
2026-05-20 11:01:31,26.41,38,2860,0.60,,31.00,0.00,21.40,11.30
2026-05-20 11:02:01,26.43,38,2860,0.40,,31.00,0.00,21.40,11.30
2026-05-20 11:02:32,26.45,38,2860,0.50,,31.00,0.00,21.40,11.30
2026-05-20 11:03:02,26.47,38,2860,0.90,,31.00,1.00,21.40,11.30
2026-05-20 11:03:33,26.46,38,2860,1.80,,31.00,1.00,21.40,11.30
2026-05-20 11:04:03,26.49,38,2860,4.40,,31.00,0.00,21.40,11.30
2026-05-20 11:04:34,26.52,37,2859,0.40,,31.00,0.00,21.40,11.30
2026-05-20 11:05:04,26.50,37,2859,1.20,,31.00,0.00,21.40,11.30
2026-05-20 11:05:35,26.56,37,2859,0.60,,30.00,0.00,21.40,11.30
2026-05-20 11:06:05,26.55,37,2859,0.60,,30.00,0.00,21.40,11.30
2026-05-20 11:06:36,26.53,37,2859,1.00,,30.00,0.00,21.40,11.30
2026-05-20 11:07:06,26.58,36,2859,0.70,,30.00,0.00,21.50,11.30
2026-05-20 11:07:37,26.60,36,2859,0.50,,30.00,1.00,21.40,11.30
2026-05-20 11:08:07,26.60,36,2859,1.00,,30.00,0.00,21.40,11.30
2026-05-20 11:08:38,26.62,36,2859,1.00,,30.00,0.00,21.40,11.30
2026-05-20 11:09:08,26.63,36,2859,0.30,,30.00,0.00,21.40,11.30
2026-05-20 11:09:39,26.61,36,2887,1.00,,30.00,0.00,21.40,11.30
2026-05-20 11:10:09,26.64,36,2887,0.80,,30.00,0.00,21.40,11.30
2026-05-20 11:10:40,26.64,36,2887,0.50,,30.00,0.00,21.40,11.30
2026-05-20 11:11:10,26.64,36,2887,1.90,,30.00,0.00,21.40,11.30
2026-05-20 11:11:41,26.64,36,2887,2.50,,30.00,0.00,21.40,11.30
2026-05-20 11:12:11,26.66,36,2887,0.50,,30.00,0.00,21.40,11.30
2026-05-20 11:12:42,26.65,36,2887,0.60,,30.00,0.00,21.40,11.30
2026-05-20 11:13:12,26.66,36,2887,1.60,,30.00,0.00,21.40,11.30
2026-05-20 11:13:43,26.68,36,2887,0.40,,30.00,1.00,21.40,11.30
2026-05-20 11:14:13,26.71,36,2887,0.70,,30.00,0.00,21.40,11.30
2026-05-20 11:14:44,26.72,36,2859,1.00,,30.00,0.00,21.40,11.30
2026-05-20 11:15:14,26.74,36,2859,0.40,,30.00,0.00,21.40,11.30
2026-05-20 11:15:45,26.73,36,2859,0.60,,30.00,0.00,21.40,11.30
2026-05-20 11:16:15,26.76,36,2859,1.40,,30.00,0.00,21.40,11.30
2026-05-20 11:16:46,26.78,36,2859,0.40,,31.00,0.00,21.30,11.30
2026-05-20 11:17:16,26.81,36,2859,0.90,,31.00,0.00,21.40,11.30
2026-05-20 11:17:47,26.84,36,2859,0.60,,31.00,1.00,21.40,11.30
2026-05-20 11:18:17,26.86,36,2859,0.70,,31.00,0.00,21.40,11.30
2026-05-20 11:18:48,26.89,36,2859,0.70,,31.00,0.00,21.30,11.30
2026-05-20 11:19:18,26.90,36,2856,0.90,,31.00,0.00,21.40,11.30
2026-05-20 11:19:49,26.92,36,2856,0.30,,31.00,0.00,21.40,11.30
2026-05-20 11:20:19,26.95,36,2856,0.90,,31.00,0.00,21.30,11.30
2026-05-20 11:20:50,26.95,36,2856,0.40,,31.00,0.00,21.30,11.30
2026-05-20 11:21:21,26.96,36,2856,3.90,,31.00,0.00,21.30,11.30
2026-05-20 11:21:51,27.02,36,2856,0.40,,31.00,0.00,21.30,11.30
2026-05-20 11:22:22,27.02,36,2856,0.60,,31.00,0.00,21.40,11.30
2026-05-20 11:22:52,27.04,37,2856,0.60,,31.00,0.00,21.40,11.30
2026-05-20 11:23:23,27.07,37,2856,0.50,,31.00,1.00,21.40,11.30
2026-05-20 11:23:53,27.07,37,2856,0.90,,31.00,0.00,21.40,11.30
2026-05-20 11:24:24,27.06,37,2859,0.60,,31.00,0.00,21.40,11.30
2026-05-20 11:24:54,27.07,37,2859,1.00,,31.00,0.00,21.40,11.30
2026-05-20 11:25:25,27.09,36,2859,3.20,,31.00,0.00,21.40,11.30
2026-05-20 11:25:55,27.12,36,2859,0.90,,31.00,0.00,21.40,11.30
2026-05-20 11:26:26,27.12,36,2859,1.60,,31.00,0.00,21.40,11.30
2026-05-20 11:26:56,27.13,36,2859,0.40,,31.00,0.00,21.40,11.30
2026-05-20 11:27:27,27.14,36,2859,1.00,,30.00,0.00,21.40,11.30
2026-05-20 11:27:57,27.13,36,2859,0.50,,30.00,0.00,21.40,11.30
2026-05-20 11:28:28,27.15,35,2859,0.40,,30.00,0.00,21.30,11.30
2026-05-20 11:28:58,27.16,35,2859,0.40,,30.00,0.00,21.30,11.30
2026-05-20 11:29:29,27.16,35,2857,0.40,,30.00,0.00,21.30,11.30
2026-05-20 11:29:59,27.16,35,2857,0.30,,30.00,0.00,21.40,11.30
2026-05-20 11:30:30,27.19,35,2857,1.00,,30.00,0.00,21.40,11.30
2026-05-20 11:31:00,27.15,35,2857,0.90,,30.00,0.00,21.30,11.30
2026-05-20 11:31:31,27.17,35,2857,0.30,,30.00,0.00,21.30,11.30
2026-05-20 11:32:01,27.18,35,2857,0.80,,30.00,1.00,21.40,11.30
2026-05-20 11:32:32,27.15,35,2857,1.10,,30.00,0.00,21.30,11.30
2026-05-20 11:33:02,27.16,35,2857,5.40,,30.00,0.00,21.30,11.30
2026-05-20 11:33:33,27.15,35,2857,0.70,,30.00,0.00,21.30,11.30
2026-05-20 11:34:03,27.16,35,2857,0.60,,30.00,0.00,21.40,11.30
2026-05-20 11:34:34,27.17,35,2858,0.60,,30.00,0.00,21.40,11.30
2026-05-20 11:35:04,27.16,35,2858,1.70,,30.00,0.00,21.40,11.30
2026-05-20 11:35:35,27.13,35,2858,0.30,,30.00,0.00,21.40,11.30
2026-05-20 11:36:05,27.17,35,2858,0.80,,30.00,0.00,21.50,11.30
2026-05-20 11:36:36,27.18,35,2858,0.40,,30.00,1.00,21.50,11.30
2026-05-20 11:37:06,27.16,35,2858,0.30,,30.00,0.00,21.40,11.30
2026-05-20 11:37:37,27.18,35,2858,0.50,,30.00,0.00,21.40,11.30
2026-05-20 11:38:07,27.18,35,2858,1.20,,30.00,0.00,21.40,11.30
2026-05-20 11:38:38,27.22,35,2858,0.60,,31.00,0.00,21.40,11.30
2026-05-20 11:39:08,27.21,35,2858,0.70,,31.00,0.00,21.50,11.30
2026-05-20 11:39:39,27.22,35,2875,0.60,,31.00,0.00,21.50,11.30
2026-05-20 11:40:10,27.29,35,2875,1.10,,31.00,1.00,21.50,11.30
2026-05-20 11:40:40,27.28,35,2875,10.30,,31.00,2.00,21.70,11.30
2026-05-20 11:41:11,27.26,35,2875,5.90,,31.00,0.00,21.50,11.30
2026-05-20 11:41:41,27.29,35,2875,4.20,,31.00,0.00,21.40,11.30
2026-05-20 11:42:12,27.30,35,2875,0.40,,31.00,0.00,21.40,11.30
2026-05-20 11:42:42,27.28,35,2875,0.60,,31.00,0.00,21.40,11.30
2026-05-20 11:43:13,27.30,35,2875,1.00,,31.00,0.00,21.40,11.30
2026-05-20 11:43:43,27.29,35,2875,1.30,,31.00,0.00,21.40,11.30
2026-05-20 11:44:14,27.36,35,2875,2.70,,31.00,0.00,21.40,11.30
2026-05-20 11:44:44,27.34,35,2858,0.40,,31.00,0.00,21.40,11.30
2026-05-20 11:45:15,27.35,35,2858,0.70,,31.00,0.00,21.40,11.30
2026-05-20 11:45:45,27.33,36,2858,0.60,,31.00,0.00,21.40,11.30
2026-05-20 11:46:16,27.36,36,2858,1.00,,31.00,0.00,21.40,11.30
2026-05-20 11:46:46,27.37,36,2858,0.90,,31.00,0.00,21.40,11.30
2026-05-20 11:47:17,27.41,36,2858,0.70,,31.00,0.00,21.40,11.30
2026-05-20 11:47:47,27.39,36,2858,0.70,,31.00,0.00,21.40,11.30
2026-05-20 11:48:18,27.40,36,2858,0.70,,31.00,0.00,21.40,11.30
2026-05-20 11:48:48,27.42,36,2858,2.00,,31.00,0.00,21.40,11.30
2026-05-20 11:49:19,27.41,36,2858,1.00,,31.00,0.00,21.40,11.30
2026-05-20 11:49:49,27.39,35,2858,0.80,,31.00,0.00,21.40,11.30
2026-05-20 11:50:20,27.40,35,2858,0.50,,31.00,0.00,21.40,11.30
2026-05-20 11:50:50,27.41,35,2858,0.20,,31.00,0.00,21.40,11.30
2026-05-20 11:51:21,27.37,35,2858,0.30,,30.00,0.00,21.40,11.30
2026-05-20 11:51:51,27.38,35,2858,0.90,,30.00,0.00,21.40,11.30
2026-05-20 11:52:22,27.42,35,2858,0.50,,30.00,0.00,21.40,11.30
2026-05-20 11:52:52,27.41,35,2858,2.00,,30.00,0.00,21.40,11.30
2026-05-20 11:53:23,27.41,34,2858,0.20,,30.00,0.00,21.40,11.30
2026-05-20 11:53:53,27.39,34,2858,0.50,,30.00,0.00,21.40,11.30
2026-05-20 11:54:24,27.41,34,2858,0.60,,30.00,1.00,21.40,11.40
2026-05-20 11:54:55,27.40,35,2858,0.40,,30.00,0.00,21.50,11.40
2026-05-20 11:55:25,27.38,34,2858,2.30,,30.00,0.00,21.50,11.40
2026-05-20 11:55:56,27.41,35,2858,1.40,,30.00,0.00,21.50,11.40
2026-05-20 11:56:26,27.39,35,2858,0.60,,30.00,0.00,21.50,11.40
2026-05-20 11:56:56,27.36,35,2858,0.50,,30.00,0.00,21.40,11.40
2026-05-20 11:57:27,27.41,35,2858,0.60,,30.00,0.00,21.40,11.40
2026-05-20 11:57:58,27.39,35,2858,0.80,,30.00,0.00,21.40,11.40
2026-05-20 11:58:28,27.40,35,2858,0.70,,30.00,0.00,21.40,11.40
2026-05-20 11:58:59,27.38,35,2858,0.90,,31.00,0.00,21.40,11.40
2026-05-20 11:59:29,27.42,35,2856,1.00,,31.00,0.00,21.40,11.40
2026-05-20 12:00:00,27.46,35,2856,1.40,,31.00,1.00,21.40,11.40
2026-05-20 12:00:30,27.44,35,2856,0.80,,31.00,1.00,21.40,11.40
2026-05-20 12:01:01,27.46,35,2856,1.70,,31.00,0.00,21.40,11.40
2026-05-20 12:01:31,27.47,35,2856,1.10,,31.00,0.00,21.40,11.40
2026-05-20 12:02:02,27.47,35,2856,0.50,,31.00,0.00,21.40,11.40
2026-05-20 12:02:32,27.53,35,2856,2.30,,31.00,0.00,21.40,11.40
2026-05-20 12:03:03,27.49,35,2856,3.50,,31.00,0.00,21.40,11.40
2026-05-20 12:03:33,27.53,35,2856,2.40,,31.00,0.00,21.40,11.40
2026-05-20 12:04:04,27.49,35,2856,1.80,,31.00,0.00,21.40,11.40
2026-05-20 12:04:34,27.52,35,2857,0.50,,31.00,0.00,21.40,11.40
2026-05-20 12:05:05,27.54,35,2857,0.50,,31.00,0.00,21.30,11.40
2026-05-20 12:05:35,27.55,35,2857,7.20,,31.00,0.00,21.30,11.30
2026-05-20 12:06:06,27.59,35,2857,1.10,,31.00,0.00,21.40,11.30
2026-05-20 12:06:36,27.59,35,2857,1.20,,31.00,0.00,21.40,11.30
2026-05-20 12:07:07,27.57,35,2857,0.30,,31.00,0.00,21.40,11.30
2026-05-20 12:07:37,27.60,35,2857,0.40,,31.00,0.00,21.40,11.30
2026-05-20 12:08:08,27.61,35,2857,0.50,,31.00,0.00,21.40,11.30
2026-05-20 12:08:38,27.63,35,2857,0.60,,31.00,1.00,21.40,11.30
2026-05-20 12:09:09,27.61,36,2857,1.40,,31.00,0.00,21.40,11.30
2026-05-20 12:09:39,27.60,36,2858,0.40,,31.00,0.00,21.40,11.30
2026-05-20 12:10:10,27.60,36,2858,0.60,,31.00,0.00,21.40,11.30
2026-05-20 12:10:40,27.63,36,2858,0.60,,31.00,0.00,21.40,11.30
2026-05-20 12:11:11,27.61,36,2858,0.40,,31.00,0.00,21.40,11.30
2026-05-20 12:11:42,27.63,36,2858,5.20,,31.00,0.00,21.40,11.30
2026-05-20 12:12:12,27.64,35,2858,0.80,,31.00,0.00,21.40,11.30
2026-05-20 12:12:43,27.64,35,2858,0.50,,31.00,1.00,21.40,11.30
2026-05-20 12:13:13,27.63,35,2858,0.30,,31.00,0.00,21.40,11.30
2026-05-20 12:13:44,27.65,35,2858,2.10,,31.00,0.00,21.40,11.30
2026-05-20 12:14:14,27.67,34,2858,1.90,,31.00,1.00,21.40,11.30
2026-05-20 12:14:45,27.65,34,2858,0.70,,30.00,1.00,21.40,11.30
2026-05-20 12:15:15,27.65,34,2858,0.60,,30.00,0.00,21.40,11.30
2026-05-20 12:15:46,27.65,34,2858,0.60,,30.00,0.00,21.40,11.30
2026-05-20 12:16:16,27.66,34,2858,0.40,,30.00,0.00,21.40,11.40
2026-05-20 12:16:47,27.67,34,2858,0.90,,30.00,0.00,21.40,11.40
2026-05-20 12:17:17,27.67,34,2858,2.60,,30.00,0.00,21.40,11.40
2026-05-20 12:17:48,27.70,34,2858,0.50,,30.00,0.00,21.40,11.40
2026-05-20 12:18:18,27.69,34,2858,2.10,,30.00,0.00,21.40,11.40
2026-05-20 12:18:49,27.70,34,2858,0.60,,30.00,0.00,21.40,11.40
2026-05-20 12:19:20,27.71,34,2856,1.50,,30.00,0.00,21.40,11.40
2026-05-20 12:19:50,27.66,34,2856,0.60,,30.00,0.00,21.40,11.40
2026-05-20 12:20:21,27.68,34,2856,0.40,,30.00,1.00,21.40,11.40
2026-05-20 12:20:51,27.69,34,2856,0.40,,30.00,0.00,21.40,11.40
2026-05-20 12:21:22,27.66,34,2856,2.10,,30.00,0.00,21.40,11.40
2026-05-20 12:21:52,27.66,34,2856,3.60,,30.00,0.00,21.40,11.40
2026-05-20 12:22:23,27.66,34,2856,0.90,,31.00,0.00,21.40,11.40
2026-05-20 12:22:53,27.65,34,2856,3.50,,31.00,0.00,21.40,11.40
2026-05-20 12:23:24,27.65,34,2856,15.40,,31.00,0.00,21.50,11.40
2026-05-20 12:23:54,27.65,34,2856,0.70,,31.00,0.00,21.50,11.40
2026-05-20 12:24:25,27.67,34,2878,14.80,,31.00,1.00,21.50,11.40
2026-05-20 12:24:55,27.68,34,2878,8.30,,31.00,1.00,21.50,11.40
2026-05-20 12:25:26,27.70,34,2878,22.10,,30.00,0.00,21.60,11.40
2026-05-20 12:25:56,27.71,34,2878,18.40,,30.00,0.00,21.60,11.40
2026-05-20 12:26:27,27.77,34,2878,13.80,,30.00,0.00,21.50,11.40
2026-05-20 12:26:57,27.78,34,2878,13.20,,30.00,0.00,21.50,11.40
2026-05-20 12:27:28,27.79,34,2878,1.80,,30.00,1.00,21.50,11.40
2026-05-20 12:27:58,27.82,34,2878,27.40,,30.00,0.00,21.50,11.40
2026-05-20 12:28:29,27.86,34,2878,15.10,,30.00,0.00,21.60,11.40
2026-05-20 12:28:59,27.86,34,2878,3.70,,30.00,0.00,21.50,11.40
2026-05-20 12:29:30,27.89,34,2854,14.20,,30.00,0.00,21.50,11.40
2026-05-20 12:30:00,27.87,35,2854,0.70,,30.00,0.00,21.50,11.40
2026-05-20 12:30:31,27.86,35,2854,12.70,,30.00,0.00,21.50,11.40
2026-05-20 12:31:01,27.82,35,2854,13.70,,30.00,1.00,21.50,11.40
2026-05-20 12:31:32,27.82,35,2854,0.90,,30.00,0.00,21.50,11.40
2026-05-20 12:32:02,27.81,35,2854,14.60,,30.00,0.00,21.50,11.40
2026-05-20 12:32:33,27.78,35,2854,13.20,,30.00,1.00,21.60,11.40
2026-05-20 12:33:03,27.81,35,2854,2.80,,30.00,0.00,21.50,11.40
2026-05-20 12:33:34,27.84,35,2854,13.00,,30.00,0.00,21.50,11.40
2026-05-20 12:34:04,27.81,34,2854,1.30,,30.00,0.00,21.50,11.40
2026-05-20 12:34:35,27.84,34,2858,21.00,,30.00,0.00,21.60,11.40
2026-05-20 12:35:05,27.83,34,2858,3.00,,30.00,1.00,21.50,11.40
2026-05-20 12:35:35,27.88,34,2858,15.90,,30.00,0.00,21.60,11.40
2026-05-20 12:36:06,27.90,34,2858,18.90,,30.00,0.00,21.60,11.40
2026-05-20 12:36:36,27.93,34,2858,16.00,,30.00,0.00,21.50,11.40
2026-05-20 12:37:07,27.91,33,2858,15.60,,30.00,0.00,21.60,11.40
2026-05-20 12:37:37,27.96,33,2858,14.70,,30.00,0.00,21.60,11.40
2026-05-20 12:38:08,27.94,33,2858,0.90,,30.00,0.00,21.50,11.40
2026-05-20 12:38:38,27.98,33,2858,2.10,,30.00,0.00,21.50,11.40
2026-05-20 12:39:09,27.98,33,2858,0.70,,30.00,0.00,21.50,11.40
2026-05-20 12:39:39,27.94,33,2857,1.00,,30.00,0.00,21.50,11.40
2026-05-20 12:40:10,27.98,33,2857,14.40,,30.00,0.00,21.60,11.40
2026-05-20 12:40:40,27.94,33,2857,13.70,,30.00,0.00,21.60,11.40
2026-05-20 12:41:11,27.96,33,2857,0.90,,30.00,0.00,21.50,11.40
2026-05-20 12:41:41,27.97,33,2857,0.80,,30.00,0.00,21.60,11.40
2026-05-20 12:42:12,27.96,33,2857,0.60,,30.00,0.00,21.50,11.40
2026-05-20 12:42:42,27.98,33,2857,15.50,,30.00,0.00,21.60,11.40
2026-05-20 12:43:13,28.01,33,2857,0.70,,30.00,0.00,21.60,11.40
2026-05-20 12:43:43,27.99,33,2857,15.10,,30.00,0.00,21.60,11.40
2026-05-20 12:44:14,28.03,33,2858,3.10,,30.00,0.00,21.60,11.40
2026-05-20 12:44:44,28.01,33,2858,1.20,,30.00,0.00,21.60,11.40
2026-05-20 12:45:15,28.03,33,2858,0.60,,30.00,1.00,21.50,11.40
2026-05-20 12:45:45,28.06,33,2858,0.90,,30.00,0.00,21.50,11.40
2026-05-20 12:46:16,28.09,33,2858,0.60,,31.00,0.00,21.50,11.40
2026-05-20 12:46:46,28.10,33,2858,0.40,,31.00,0.00,21.50,11.40
2026-05-20 12:47:17,28.13,33,2858,0.50,,31.00,0.00,21.50,11.40
2026-05-20 12:47:47,28.08,33,2858,0.90,,31.00,0.00,21.50,11.30
2026-05-20 12:48:18,28.13,33,2858,0.60,,31.00,0.00,21.50,11.30
2026-05-20 12:48:48,28.12,33,2858,0.80,,31.00,0.00,21.50,11.30
2026-05-20 12:49:19,28.13,34,2856,0.60,,31.00,0.00,21.50,11.40
2026-05-20 12:49:49,28.14,34,2856,1.30,,31.00,0.00,21.60,11.40
2026-05-20 12:50:20,28.16,34,2856,0.50,,31.00,1.00,21.50,11.40
2026-05-20 12:50:50,28.13,34,2856,0.50,,31.00,1.00,21.50,11.40
2026-05-20 12:51:21,28.08,34,2856,1.40,,31.00,0.00,21.50,11.40
2026-05-20 12:51:51,28.06,34,2856,0.60,,31.00,0.00,21.50,11.40
2026-05-20 12:52:22,28.12,34,2856,2.80,,31.00,0.00,21.50,11.40
2026-05-20 12:52:52,28.08,34,2856,4.50,,31.00,0.00,21.50,11.40
2026-05-20 12:53:23,28.08,34,2856,0.40,,31.00,0.00,21.50,11.40
2026-05-20 12:53:53,28.05,34,2856,13.90,,31.00,0.00,21.50,11.40
2026-05-20 12:54:24,28.06,34,2858,0.30,,30.00,0.00,21.50,11.40
2026-05-20 12:54:54,28.05,34,2858,13.90,,30.00,0.00,21.40,11.40
2026-05-20 12:55:25,28.08,33,2858,3.50,,30.00,0.00,21.50,11.40
2026-05-20 12:55:55,28.07,33,2858,0.50,,30.00,0.00,21.50,11.40
2026-05-20 12:56:26,28.12,33,2858,0.70,,30.00,1.00,21.50,11.40
2026-05-20 12:56:56,28.11,33,2858,0.60,,30.00,0.00,21.50,11.40
2026-05-20 12:57:27,28.12,33,2858,6.10,,30.00,0.00,21.40,11.40
2026-05-20 12:57:57,28.11,33,2858,1.00,,30.00,0.00,21.40,11.40
2026-05-20 12:58:28,28.10,33,2858,0.80,,30.00,0.00,21.40,11.40
2026-05-20 12:58:58,28.08,33,2858,1.10,,30.00,0.00,21.40,11.40
2026-05-20 12:59:29,28.12,33,2857,2.00,,30.00,0.00,21.50,11.40
2026-05-20 12:59:59,28.07,33,2857,4.40,,30.00,0.00,22.20,11.40
2026-05-20 13:00:30,28.09,33,2857,5.20,,30.00,1.00,22.40,11.40
2026-05-20 13:01:00,28.10,33,2857,0.50,,30.00,0.00,21.70,11.40
2026-05-20 13:01:31,28.08,33,2857,1.00,,30.00,0.00,21.60,11.40
2026-05-20 13:02:01,28.02,33,2857,4.20,,30.00,0.00,21.70,11.40
2026-05-20 13:02:32,28.00,33,2857,0.50,,30.00,0.00,21.60,11.40
2026-05-20 13:03:02,28.04,33,2857,6.10,,30.00,0.00,21.60,11.40
2026-05-20 13:03:33,28.01,33,2857,0.70,,30.00,0.00,21.60,11.40
2026-05-20 13:04:03,27.97,33,2857,0.40,,30.00,0.00,21.60,11.40
2026-05-20 13:04:34,28.03,33,2858,0.90,,30.00,0.00,21.60,11.40
2026-05-20 13:05:04,28.01,33,2858,0.60,,31.00,0.00,21.60,11.40
2026-05-20 13:05:35,28.01,33,2858,0.70,,31.00,0.00,21.60,11.40
2026-05-20 13:06:05,28.01,33,2858,0.50,,31.00,1.00,21.60,11.40
2026-05-20 13:06:36,28.06,33,2858,1.90,,31.00,0.00,21.70,11.40
2026-05-20 13:07:06,28.07,33,2858,0.70,,31.00,0.00,21.70,11.40
2026-05-20 13:07:37,28.07,33,2858,0.70,,31.00,0.00,21.70,11.40
2026-05-20 13:08:07,28.06,33,2858,0.50,,31.00,0.00,21.70,11.40
2026-05-20 13:08:38,28.07,33,2858,1.10,,31.00,0.00,21.70,11.40
2026-05-20 13:09:08,28.12,33,2858,0.90,,31.00,0.00,21.70,11.40
2026-05-20 13:09:39,28.10,33,2853,11.10,,31.00,0.00,21.90,11.40
2026-05-20 13:10:09,28.09,34,2853,1.20,,31.00,0.00,21.80,11.40
2026-05-20 13:10:40,28.06,34,2853,0.90,,31.00,0.00,21.70,11.40
2026-05-20 13:11:10,28.03,34,2853,0.50,,31.00,0.00,21.70,11.40
2026-05-20 13:11:41,28.00,34,2853,0.70,,31.00,0.00,21.70,11.40
2026-05-20 13:12:11,27.98,34,2853,0.80,,31.00,1.00,21.70,11.40
2026-05-20 13:12:42,27.98,34,2853,0.80,,31.00,0.00,21.70,11.40
2026-05-20 13:13:12,27.98,34,2853,0.70,,31.00,0.00,21.70,11.40
2026-05-20 13:13:43,27.97,34,2853,0.50,,31.00,0.00,21.70,11.40
2026-05-20 13:14:13,28.02,34,2853,0.70,,31.00,0.00,21.70,11.40
2026-05-20 13:14:44,28.02,33,2858,1.90,,31.00,0.00,21.80,11.40
2026-05-20 13:15:14,28.04,33,2858,0.50,,31.00,0.00,21.80,11.40
2026-05-20 13:15:45,28.04,33,2858,1.00,,31.00,0.00,21.80,11.40
2026-05-20 13:16:15,28.03,33,2858,0.60,,30.00,0.00,21.80,11.40
2026-05-20 13:16:46,28.06,33,2858,0.60,,30.00,0.00,21.80,11.40
2026-05-20 13:17:16,28.04,33,2858,5.60,,30.00,0.00,21.80,11.40
2026-05-20 13:17:47,28.03,33,2858,1.10,,30.00,1.00,21.80,11.40
2026-05-20 13:18:17,28.02,33,2858,0.50,,30.00,0.00,21.70,11.40
2026-05-20 13:18:48,28.02,32,2858,1.40,,30.00,0.00,21.70,11.40
2026-05-20 13:19:18,28.05,33,2858,1.20,,30.00,0.00,21.70,11.40
2026-05-20 13:19:49,27.98,33,2858,0.50,,30.00,0.00,21.70,11.40
2026-05-20 13:20:19,27.98,33,2858,4.70,,30.00,0.00,21.70,11.40
2026-05-20 13:20:50,27.92,33,2858,0.70,,30.00,0.00,21.70,11.40
2026-05-20 13:21:20,27.93,33,2858,2.40,,30.00,0.00,21.70,11.40
2026-05-20 13:21:51,27.92,33,2858,5.60,,30.00,0.00,21.70,11.40
2026-05-20 13:22:21,27.94,33,2858,2.40,,30.00,0.00,21.70,11.40
2026-05-20 13:22:52,27.92,33,2858,0.90,,30.00,0.00,21.70,11.40
2026-05-20 13:23:22,27.91,33,2858,0.20,,30.00,0.00,21.70,11.40
2026-05-20 13:23:53,27.92,33,2858,0.70,,31.00,1.00,21.70,11.40
2026-05-20 13:24:23,27.93,33,2856,0.50,,31.00,0.00,21.70,11.40
2026-05-20 13:24:54,27.95,33,2856,1.30,,31.00,0.00,21.80,11.40
2026-05-20 13:25:24,27.94,33,2856,2.00,,31.00,0.00,21.80,11.40
2026-05-20 13:25:55,27.96,33,2856,0.60,,31.00,0.00,21.80,11.40
2026-05-20 13:26:25,27.96,33,2856,0.40,,31.00,0.00,21.80,11.40
2026-05-20 13:26:56,27.97,33,2856,0.60,,31.00,0.00,21.80,11.40
2026-05-20 13:27:26,27.96,33,2856,0.40,,31.00,0.00,21.80,11.40
2026-05-20 13:27:57,28.04,33,2856,3.70,,31.00,0.00,21.90,11.40
2026-05-20 13:28:28,28.03,33,2856,1.20,,31.00,0.00,21.90,11.40
2026-05-20 13:28:58,28.00,33,2856,0.60,,31.00,0.00,21.80,11.40
2026-05-20 13:29:29,27.99,33,2854,0.60,,31.00,0.00,21.80,11.40
2026-05-20 13:29:59,28.07,33,2854,0.50,,31.00,0.00,21.80,11.40
2026-05-20 13:30:30,28.02,33,2854,0.50,,31.00,0.00,21.80,11.40
2026-05-20 13:31:00,28.04,33,2854,0.50,,31.00,0.00,21.80,11.40
2026-05-20 13:31:31,28.02,34,2854,0.60,,31.00,0.00,21.90,11.40
2026-05-20 13:32:01,27.97,34,2854,0.80,,31.00,0.00,21.90,11.40
2026-05-20 13:32:32,28.01,33,2854,15.50,,31.00,0.00,21.90,11.40
2026-05-20 13:33:02,27.98,33,2854,13.40,,31.00,0.00,21.90,11.40
2026-05-20 13:33:33,27.98,33,2854,13.30,,31.00,0.00,21.90,11.40
2026-05-20 13:34:03,27.99,33,2854,14.60,,30.00,0.00,21.90,11.40
2026-05-20 13:34:34,28.03,33,2857,1.00,,30.00,0.00,21.80,11.40
2026-05-20 13:35:04,28.04,33,2857,0.60,,30.00,0.00,21.90,11.40
2026-05-20 13:35:35,28.04,33,2857,1.20,,30.00,0.00,21.90,11.40
2026-05-20 13:36:05,28.03,32,2857,0.90,,30.00,0.00,22.00,11.40
2026-05-20 13:36:36,28.04,32,2857,0.60,,30.00,0.00,22.10,11.40
2026-05-20 13:37:06,28.04,32,2857,14.10,,30.00,0.00,22.00,11.40
2026-05-20 13:37:37,28.07,32,2857,0.50,,30.00,0.00,21.90,11.40
2026-05-20 13:38:07,28.03,32,2857,15.80,,30.00,0.00,21.90,11.40
2026-05-20 13:38:37,28.04,32,2857,17.30,,30.00,0.00,21.90,11.40
2026-05-20 13:39:08,28.06,32,2857,14.30,,30.00,0.00,21.90,11.40
2026-05-20 13:39:38,28.03,32,2857,14.30,,30.00,0.00,21.90,11.40
2026-05-20 13:40:09,28.04,32,2857,0.60,,30.00,0.00,21.90,11.40
2026-05-20 13:40:39,28.07,32,2857,14.40,,30.00,0.00,21.90,11.40
2026-05-20 13:41:10,28.05,32,2857,0.50,,30.00,1.00,21.90,11.40
2026-05-20 13:41:40,28.06,32,2857,14.40,,30.00,1.00,21.90,11.40
2026-05-20 13:42:11,28.07,32,2857,0.50,,30.00,0.00,21.90,11.40
2026-05-20 13:42:41,28.08,32,2857,0.80,,30.00,0.00,21.80,11.40
2026-05-20 13:43:12,28.10,32,2857,0.50,,30.00,0.00,21.80,11.40
2026-05-20 13:43:42,28.10,32,2857,1.90,,30.00,0.00,21.80,11.40
2026-05-20 13:44:13,28.08,32,2859,1.70,,30.00,0.00,21.90,11.40
2026-05-20 13:44:43,28.09,32,2859,0.60,,30.00,0.00,21.80,11.40
2026-05-20 13:45:14,28.11,32,2859,0.30,,30.00,0.00,21.80,11.40
2026-05-20 13:45:44,28.12,32,2859,3.70,,31.00,1.00,21.80,11.40
2026-05-20 13:46:15,28.12,32,2859,0.60,,31.00,0.00,21.80,11.40
2026-05-20 13:46:45,28.10,32,2859,0.50,,31.00,0.00,21.80,11.40
2026-05-20 13:47:16,28.10,32,2859,2.80,,31.00,0.00,21.80,11.40
2026-05-20 13:47:46,28.14,32,2859,1.10,,31.00,0.00,21.80,11.40
2026-05-20 13:48:17,28.17,32,2859,1.00,,31.00,0.00,21.90,11.40
2026-05-20 13:48:47,28.14,32,2859,14.90,,31.00,0.00,21.90,11.40
2026-05-20 13:49:18,28.14,32,2856,1.80,,31.00,0.00,21.90,11.40
2026-05-20 13:49:48,28.15,33,2856,13.20,,31.00,0.00,21.90,11.40
2026-05-20 13:50:19,28.16,33,2856,0.70,,31.00,0.00,21.90,11.40
2026-05-20 13:50:49,28.12,33,2856,14.50,,31.00,0.00,21.90,11.40
2026-05-20 13:51:20,28.07,33,2856,2.90,,31.00,1.00,21.80,11.40
2026-05-20 13:51:50,28.04,33,2856,7.90,,30.00,0.00,21.80,11.40
2026-05-20 13:52:21,28.05,33,2856,0.70,,30.00,0.00,21.80,11.40
2026-05-20 13:52:51,28.06,33,2856,13.30,,30.00,0.00,21.80,11.40
2026-05-20 13:53:22,28.03,33,2856,14.20,,30.00,0.00,21.80,11.40
2026-05-20 13:53:52,28.01,33,2856,0.70,,30.00,0.00,21.80,11.40
2026-05-20 13:54:23,28.04,33,2859,1.60,,30.00,0.00,21.80,11.40
2026-05-20 13:54:53,28.05,32,2859,0.60,,30.00,0.00,21.80,11.40
2026-05-20 13:55:24,28.05,32,2859,0.30,,30.00,1.00,21.80,11.40
2026-05-20 13:55:54,28.01,32,2859,2.30,,30.00,0.00,21.80,11.40
2026-05-20 13:56:25,28.01,32,2859,0.40,,30.00,0.00,21.90,11.40
2026-05-20 13:56:55,28.06,32,2859,0.30,,30.00,0.00,21.90,11.40
2026-05-20 13:57:26,28.01,32,2859,0.70,,30.00,0.00,21.80,11.40
2026-05-20 13:57:56,28.00,32,2859,2.00,,30.00,0.00,21.80,11.40
2026-05-20 13:58:27,27.97,32,2859,2.70,,30.00,0.00,21.80,11.40
2026-05-20 13:58:57,27.97,32,2859,1.20,,30.00,0.00,21.80,11.40
2026-05-20 13:59:28,27.94,32,2857,1.30,,30.00,2.00,21.90,11.40
2026-05-20 13:59:58,27.92,32,2857,17.10,,30.00,0.00,21.90,11.40
2026-05-20 14:00:29,27.96,32,2857,13.10,,30.00,0.00,21.90,11.40
2026-05-20 14:00:59,27.92,32,2857,14.60,,30.00,0.00,22.00,11.40
2026-05-20 14:01:30,27.94,32,2857,16.00,,30.00,0.00,22.00,11.40
2026-05-20 14:02:00,27.93,32,2857,3.80,,30.00,0.00,22.00,11.40
2026-05-20 14:02:31,27.92,32,2857,13.10,,30.00,0.00,22.00,11.40
2026-05-20 14:03:01,27.93,32,2857,0.50,,30.00,0.00,22.00,11.40
2026-05-20 14:03:32,27.95,32,2857,14.40,,30.00,0.00,22.00,11.40
2026-05-20 14:04:02,27.93,32,2857,0.90,,30.00,0.00,22.00,11.40
2026-05-20 14:04:32,27.93,32,2856,14.20,,30.00,0.00,22.00,11.40
2026-05-20 14:05:03,27.95,32,2856,15.70,,30.00,0.00,22.10,11.40
2026-05-20 14:05:33,27.93,32,2856,0.80,,30.00,0.00,21.90,11.40
2026-05-20 14:06:04,27.95,32,2856,2.90,,30.00,0.00,22.00,11.40
2026-05-20 14:06:34,27.94,32,2856,4.00,,30.00,0.00,22.00,11.40
2026-05-20 14:07:05,27.94,32,2856,14.80,,30.00,0.00,22.00,11.40
2026-05-20 14:07:35,27.96,32,2856,0.80,,30.00,0.00,22.00,11.40
2026-05-20 14:08:06,27.95,32,2856,7.40,,30.00,0.00,22.00,11.40
2026-05-20 14:08:36,27.94,32,2856,0.40,,30.00,0.00,21.90,11.40
2026-05-20 14:09:07,27.93,32,2856,14.30,,30.00,0.00,21.90,11.40
2026-05-20 14:09:37,27.93,32,2858,1.10,,30.00,0.00,22.00,11.40
2026-05-20 14:10:08,27.92,33,2858,14.60,,30.00,0.00,22.00,11.40
2026-05-20 14:10:38,27.90,33,2858,0.50,,30.00,1.00,22.00,11.40
2026-05-20 14:11:09,27.92,33,2858,0.70,,30.00,0.00,22.00,11.40
2026-05-20 14:11:39,27.88,33,2858,9.40,,31.00,0.00,21.90,11.40
2026-05-20 14:12:10,27.87,33,2858,1.50,,31.00,1.00,21.90,11.40
2026-05-20 14:12:40,27.85,33,2858,0.60,,31.00,0.00,21.90,11.40
2026-05-20 14:13:11,27.83,33,2858,0.90,,31.00,0.00,21.90,11.40
2026-05-20 14:13:41,27.83,33,2858,2.10,,31.00,0.00,21.90,11.40
2026-05-20 14:14:12,27.84,33,2856,5.30,,31.00,0.00,22.00,11.40
2026-05-20 14:14:42,27.78,33,2856,2.20,,31.00,0.00,22.00,11.40
2026-05-20 14:15:13,27.80,33,2856,1.20,,31.00,0.00,22.00,11.40
2026-05-20 14:15:43,27.80,33,2856,0.30,,31.00,0.00,22.00,11.40
2026-05-20 14:16:14,27.78,33,2856,0.70,,30.00,0.00,22.00,11.40
2026-05-20 14:16:44,27.80,33,2856,0.50,,30.00,1.00,22.00,11.40
2026-05-20 14:17:15,27.76,32,2856,0.90,,30.00,0.00,22.00,11.40
2026-05-20 14:17:45,27.77,32,2856,1.00,,30.00,0.00,21.90,11.40
2026-05-20 14:18:16,27.76,32,2856,1.20,,30.00,0.00,21.90,11.40
2026-05-20 14:18:46,27.75,32,2856,0.50,,30.00,0.00,21.90,11.40
2026-05-20 14:19:17,27.70,32,2854,0.70,,30.00,0.00,22.00,11.40
2026-05-20 14:19:47,27.69,32,2854,0.80,,30.00,0.00,22.00,11.40
2026-05-20 14:20:18,27.64,32,2854,1.80,,30.00,0.00,22.00,11.40
2026-05-20 14:20:48,27.62,32,2854,1.30,,30.00,1.00,22.00,11.40
2026-05-20 14:21:19,27.60,32,2854,0.70,,30.00,0.00,22.00,11.40
2026-05-20 14:21:49,27.54,32,2854,0.20,,30.00,0.00,22.00,11.40
2026-05-20 14:22:20,27.54,32,2854,1.10,,30.00,0.00,22.00,11.40
2026-05-20 14:22:50,27.50,32,2854,0.70,,30.00,0.00,22.00,11.40
2026-05-20 14:23:21,27.48,32,2854,0.50,,30.00,0.00,22.00,11.40
2026-05-20 14:23:51,27.45,32,2854,0.50,,30.00,0.00,21.90,11.40
2026-05-20 14:24:22,27.43,32,2854,0.90,,31.00,0.00,21.90,11.40
2026-05-20 14:24:52,27.42,33,2854,1.20,,31.00,1.00,21.90,11.40
2026-05-20 14:25:23,27.36,33,2854,0.70,,31.00,1.00,21.90,11.40
2026-05-20 14:25:53,27.30,33,2854,2.70,,31.00,0.00,22.00,11.40
2026-05-20 14:26:24,27.30,33,2854,8.30,,31.00,0.00,22.10,11.40
2026-05-20 14:26:55,27.27,33,2854,0.60,,31.00,0.00,22.10,11.40
2026-05-20 14:27:25,27.26,33,2854,0.50,,31.00,0.00,22.00,11.40
2026-05-20 14:27:56,27.23,33,2854,0.80,,31.00,0.00,22.00,11.40
2026-05-20 14:28:26,27.20,33,2854,1.30,,31.00,0.00,22.00,11.40
2026-05-20 14:28:57,27.20,33,2854,4.40,,31.00,0.00,22.00,11.40
2026-05-20 14:29:27,27.17,33,2858,0.80,,31.00,0.00,22.00,11.40
2026-05-20 14:29:58,27.15,34,2858,0.80,,31.00,0.00,22.00,11.40
2026-05-20 14:30:28,27.12,34,2858,0.70,,31.00,0.00,22.00,11.40
2026-05-20 14:30:59,27.10,34,2858,1.00,,31.00,0.00,22.00,11.40
2026-05-20 14:31:29,27.07,34,2858,0.60,,31.00,0.00,22.00,11.40
2026-05-20 14:32:00,27.04,34,2858,0.30,,31.00,0.00,22.00,11.40
2026-05-20 14:32:30,27.00,34,2858,0.50,,31.00,0.00,22.00,11.40
2026-05-20 14:33:01,27.02,34,2858,1.90,,31.00,1.00,22.00,11.40
2026-05-20 14:33:31,26.97,33,2858,1.10,,31.00,0.00,22.00,11.40
2026-05-20 14:34:02,26.97,33,2858,5.40,,31.00,0.00,22.00,11.40
2026-05-20 14:34:32,26.94,33,2850,0.60,,31.00,0.00,22.00,11.40
2026-05-20 14:35:03,26.92,33,2850,0.40,,31.00,0.00,22.00,11.40
2026-05-20 14:35:34,26.90,33,2850,0.70,,30.00,0.00,22.00,11.40
2026-05-20 14:36:04,26.84,33,2850,1.60,,30.00,0.00,22.00,11.40
2026-05-20 14:36:35,26.84,33,2850,0.80,,30.00,0.00,22.10,11.40
2026-05-20 14:37:05,26.80,33,2850,1.00,,30.00,0.00,22.10,11.40
2026-05-20 14:37:36,26.75,32,2850,1.20,,30.00,0.00,22.00,11.40
2026-05-20 14:38:06,26.71,32,2850,0.50,,30.00,0.00,22.00,11.40
2026-05-20 14:38:37,26.69,32,2850,0.70,,30.00,0.00,22.00,11.40
2026-05-20 14:39:07,26.66,33,2850,0.60,,30.00,1.00,22.00,11.40
2026-05-20 14:39:38,26.62,33,2850,0.80,,30.00,0.00,22.00,11.40
2026-05-20 14:40:08,26.63,33,2850,1.20,,30.00,0.00,22.00,11.40
2026-05-20 14:40:39,26.57,33,2850,0.60,,30.00,0.00,22.00,11.40
2026-05-20 14:41:09,26.54,33,2850,0.40,,30.00,0.00,22.00,11.40
2026-05-20 14:41:40,26.53,33,2850,2.40,,30.00,0.00,22.00,11.40
2026-05-20 14:42:10,26.49,33,2850,0.60,,30.00,0.00,22.00,11.40
2026-05-20 14:42:41,26.50,33,2850,0.60,,30.00,0.00,22.00,11.40
2026-05-20 14:43:11,26.45,33,2850,1.00,,30.00,0.00,22.00,11.40
2026-05-20 14:43:42,26.46,33,2850,0.60,,30.00,1.00,22.00,11.40
2026-05-20 14:44:12,26.42,33,2843,0.60,,30.00,0.00,22.00,11.40
2026-05-20 14:44:43,26.41,33,2843,0.80,,30.00,0.00,22.00,11.40
2026-05-20 14:45:13,26.39,33,2843,0.80,,31.00,0.00,22.00,11.40
2026-05-20 14:45:44,26.38,33,2843,0.80,,31.00,0.00,22.00,11.40
2026-05-20 14:46:14,26.37,33,2843,0.80,,31.00,0.00,22.00,11.40
2026-05-20 14:46:45,26.37,33,2843,1.10,,31.00,0.00,22.00,11.40
2026-05-20 14:47:15,26.33,34,2843,0.60,,31.00,0.00,22.00,11.40
2026-05-20 14:47:46,26.33,34,2843,1.00,,31.00,0.00,22.00,11.40
2026-05-20 14:48:16,26.28,34,2843,0.40,,31.00,0.00,22.00,11.40
2026-05-20 14:48:47,26.28,34,2843,0.60,,31.00,0.00,22.00,11.40
2026-05-20 14:49:17,26.26,34,2847,0.90,,31.00,0.00,22.00,11.40
2026-05-20 14:49:48,26.25,34,2847,0.40,,31.00,0.00,22.00,11.40
2026-05-20 14:50:18,26.25,35,2847,0.40,,31.00,0.00,22.00,11.40
2026-05-20 14:50:49,26.21,34,2847,1.40,,31.00,1.00,22.00,11.40
2026-05-20 14:51:19,26.20,34,2847,0.40,,31.00,0.00,22.00,11.40
2026-05-20 14:51:50,26.19,34,2847,0.50,,31.00,0.00,22.00,11.40
2026-05-20 14:52:21,26.23,34,2847,0.90,,31.00,0.00,22.10,11.40
2026-05-20 14:52:51,26.19,34,2847,0.80,,31.00,0.00,22.00,11.40
2026-05-20 14:53:22,26.17,34,2847,4.40,,31.00,0.00,22.00,11.40
2026-05-20 14:53:52,26.18,34,2847,0.70,,31.00,0.00,22.10,11.40
2026-05-20 14:54:23,26.18,34,2844,0.60,,30.00,0.00,22.10,11.40
2026-05-20 14:54:53,26.18,34,2844,0.60,,30.00,0.00,22.10,11.40
2026-05-20 14:55:24,26.15,33,2844,2.10,,30.00,2.00,22.10,11.40
2026-05-20 14:55:54,26.14,33,2844,0.40,,30.00,0.00,22.00,11.40
2026-05-20 14:56:25,26.11,33,2844,0.20,,30.00,0.00,22.10,11.40
2026-05-20 14:56:55,26.07,33,2844,1.40,,30.00,0.00,22.10,11.40
2026-05-20 14:57:26,26.08,33,2844,3.20,,30.00,0.00,22.10,11.40
2026-05-20 14:57:56,26.02,33,2844,10.20,,30.00,0.00,22.10,11.40
2026-05-20 14:58:27,26.00,33,2844,1.00,,30.00,0.00,22.10,11.40
2026-05-20 14:58:57,26.02,33,2844,0.60,,30.00,0.00,22.10,11.40
2026-05-20 14:59:28,25.98,33,2841,0.30,,30.00,0.00,22.10,11.40
2026-05-20 14:59:58,25.98,33,2841,0.60,,30.00,0.00,22.10,11.40
2026-05-20 15:00:29,25.98,33,2841,0.40,,30.00,0.00,22.00,11.40
2026-05-20 15:00:59,25.96,33,2841,4.30,,30.00,0.00,22.10,11.40
2026-05-20 15:01:30,25.95,33,2841,0.70,,30.00,0.00,22.00,11.40
2026-05-20 15:02:00,25.94,33,2841,1.20,,30.00,0.00,22.10,11.40
2026-05-20 15:02:31,25.94,33,2841,3.30,,30.00,0.00,22.10,11.40
2026-05-20 15:03:01,25.94,33,2841,0.50,,31.00,0.00,22.10,11.40
2026-05-20 15:03:32,25.92,33,2841,0.60,,30.00,0.00,22.00,11.40
2026-05-20 15:04:02,25.91,34,2841,1.00,,31.00,0.00,22.10,11.40
2026-05-20 15:04:33,25.92,34,2842,3.20,,31.00,0.00,22.00,11.40
2026-05-20 15:05:03,25.94,34,2842,0.70,,31.00,0.00,22.10,11.40
2026-05-20 15:05:34,25.88,34,2842,1.20,,31.00,0.00,22.00,11.40
2026-05-20 15:06:04,25.92,34,2842,0.70,,31.00,0.00,22.00,11.40
2026-05-20 15:06:35,25.90,34,2842,0.60,,31.00,0.00,22.10,11.40
2026-05-20 15:07:05,25.91,34,2842,0.70,,31.00,1.00,22.10,11.40
2026-05-20 15:07:36,25.90,35,2842,1.50,,31.00,0.00,22.00,11.40
2026-05-20 15:08:06,25.89,35,2842,0.50,,31.00,0.00,22.10,11.40
2026-05-20 15:08:37,25.88,35,2842,0.50,,31.00,1.00,22.10,11.40
2026-05-20 15:09:07,25.85,35,2842,0.80,,31.00,0.00,22.10,11.40
2026-05-20 15:09:38,25.86,35,2837,0.70,,31.00,0.00,22.10,11.40
2026-05-20 15:10:09,25.82,35,2837,0.60,,31.00,0.00,22.10,11.40
2026-05-20 15:10:39,25.84,34,2837,0.60,,31.00,0.00,22.10,11.40
2026-05-20 15:11:10,25.85,34,2837,1.20,,31.00,0.00,22.10,11.40
2026-05-20 15:11:40,25.81,34,2837,0.90,,30.00,0.00,22.10,11.40
2026-05-20 15:12:11,25.81,34,2837,3.90,,30.00,0.00,22.10,11.40
2026-05-20 15:12:41,25.80,34,2837,0.60,,30.00,0.00,22.10,11.40
2026-05-20 15:13:12,25.79,34,2837,0.40,,30.00,1.00,22.10,11.40
2026-05-20 15:13:42,25.77,34,2837,0.70,,30.00,0.00,22.10,11.40
2026-05-20 15:14:13,25.78,34,2842,1.70,,30.00,0.00,22.10,11.40
2026-05-20 15:14:43,25.74,34,2842,0.50,,30.00,0.00,22.10,11.40
2026-05-20 15:15:14,25.74,33,2842,0.70,,30.00,0.00,22.10,11.40
2026-05-20 15:15:44,25.73,33,2842,0.60,,30.00,0.00,22.10,11.40
2026-05-20 15:16:15,25.71,33,2842,0.60,,30.00,0.00,22.10,11.40
2026-05-20 15:16:45,25.70,33,2842,0.50,,30.00,0.00,22.10,11.40
2026-05-20 15:17:16,25.66,33,2842,1.50,,30.00,0.00,22.10,11.40
2026-05-20 15:17:46,25.67,33,2842,0.60,,30.00,0.00,22.10,11.40
2026-05-20 15:18:17,25.67,33,2842,1.10,,30.00,0.00,22.10,11.40
2026-05-20 15:18:47,25.65,33,2842,1.00,,30.00,1.00,22.10,11.40
2026-05-20 15:19:18,25.63,33,2845,0.40,,30.00,0.00,22.10,11.40
2026-05-20 15:19:48,25.63,33,2845,0.80,,30.00,0.00,22.10,11.40
2026-05-20 15:20:19,25.58,33,2845,0.80,,30.00,0.00,22.10,11.40
2026-05-20 15:20:49,25.62,33,2845,4.40,,30.00,0.00,22.10,11.40
2026-05-20 15:21:20,25.61,33,2845,0.50,,30.00,0.00,22.10,11.40
2026-05-20 15:21:50,25.59,33,2845,3.90,,30.00,0.00,22.10,11.40
2026-05-20 15:22:21,25.59,33,2845,1.20,,30.00,0.00,22.10,11.40
2026-05-20 15:22:51,25.62,33,2845,0.50,,30.00,0.00,22.10,11.40
2026-05-20 15:23:22,25.60,33,2845,0.70,,30.00,0.00,22.10,11.40
2026-05-20 15:23:52,25.56,33,2845,0.80,,30.00,0.00,22.10,11.40
2026-05-20 15:24:23,25.57,34,2841,0.40,,31.00,0.00,22.10,11.40
2026-05-20 15:24:53,25.54,34,2841,1.20,,31.00,0.00,22.10,11.40
2026-05-20 15:25:24,25.55,34,2841,1.00,,31.00,0.00,22.10,11.40
2026-05-20 15:25:54,25.53,34,2841,0.90,,31.00,0.00,22.10,11.40
2026-05-20 15:26:25,25.56,34,2841,2.10,,31.00,0.00,22.20,11.40
2026-05-20 15:26:55,25.55,34,2841,2.40,,31.00,1.00,22.20,11.40
2026-05-20 15:27:26,25.54,35,2841,1.00,,31.00,1.00,22.10,11.40
2026-05-20 15:27:56,25.53,35,2841,9.00,,31.00,0.00,22.10,11.40
2026-05-20 15:28:27,25.53,35,2841,0.90,,31.00,1.00,22.10,11.40
2026-05-20 15:28:57,25.52,35,2841,0.40,,31.00,0.00,22.10,11.40
2026-05-20 15:29:28,25.53,35,2841,1.00,,31.00,0.00,22.10,11.40
2026-05-20 15:29:58,25.51,35,2841,16.80,,31.00,4.00,22.40,11.40
2026-05-20 15:30:29,25.48,35,2841,4.40,,31.00,0.00,22.20,11.40
2026-05-20 15:31:00,25.52,35,2841,11.40,,30.00,0.00,22.00,11.40
2026-05-20 15:31:31,25.49,35,2841,4.10,,30.00,1.00,22.10,11.40
2026-05-20 15:32:01,25.47,35,2841,1.30,,30.00,0.00,21.90,11.40
2026-05-20 15:32:32,25.49,35,2841,1.30,,30.00,1.00,21.90,11.40
2026-05-20 15:33:02,25.48,35,2841,0.50,,30.00,0.00,21.90,11.40
2026-05-20 15:33:33,25.45,35,2841,2.00,,30.00,1.00,21.90,11.40
2026-05-20 15:34:03,25.46,35,2841,5.70,,30.00,1.00,21.80,11.40
2026-05-20 15:34:34,25.44,35,2841,3.30,,30.00,0.00,21.90,11.40
2026-05-20 15:35:04,25.43,35,2841,3.50,,30.00,1.00,21.90,11.40
2026-05-20 15:35:35,25.42,35,2841,3.80,,30.00,0.00,21.80,11.40
2026-05-20 15:36:05,25.41,35,2841,4.40,,30.00,1.00,21.80,11.40
2026-05-20 15:36:36,25.41,35,2841,0.80,,30.00,1.00,21.90,11.40
2026-05-20 15:37:06,25.42,35,2841,1.30,,30.00,0.00,21.80,11.40
2026-05-20 15:37:37,25.41,35,2841,1.00,,30.00,1.00,21.80,11.40
2026-05-20 15:38:07,25.40,35,2841,0.50,,30.00,0.00,21.80,11.40
2026-05-20 15:38:38,25.39,35,2841,0.50,,30.00,1.00,21.80,11.40
2026-05-20 15:39:08,25.41,35,2839,0.90,,31.00,1.00,21.90,11.40
2026-05-20 15:39:39,25.39,35,2839,0.40,,31.00,0.00,21.90,11.40
2026-05-20 15:40:09,25.41,35,2839,1.40,,31.00,1.00,21.90,11.40
2026-05-20 15:40:40,25.42,35,2839,14.80,,31.00,0.00,21.90,11.40
2026-05-20 15:41:10,25.43,35,2839,14.40,,31.00,1.00,21.90,11.40
2026-05-20 15:41:41,25.43,35,2839,2.60,,30.00,1.00,21.90,11.40
2026-05-20 15:42:11,25.43,35,2839,3.50,,31.00,0.00,21.90,11.40
2026-05-20 15:42:42,25.41,35,2839,0.60,,31.00,1.00,21.90,11.40
2026-05-20 15:43:12,25.47,35,2839,0.70,,31.00,0.00,21.90,11.40
2026-05-20 15:43:43,25.45,35,2839,4.30,,31.00,1.00,21.80,11.40
2026-05-20 15:44:13,25.48,35,2839,1.10,,31.00,0.00,21.80,11.40
2026-05-20 15:44:44,25.48,35,2839,0.60,,31.00,0.00,21.80,11.40
2026-05-20 15:45:14,25.49,35,2839,2.50,,31.00,1.00,21.80,11.40
2026-05-20 15:45:45,25.52,35,2839,1.10,,31.00,0.00,21.80,11.40
2026-05-20 15:46:15,25.53,36,2839,0.50,,31.00,0.00,21.90,11.40
2026-05-20 15:46:46,25.54,36,2839,0.60,,31.00,0.00,21.80,11.40
2026-05-20 15:47:16,25.57,36,2839,3.10,,31.00,0.00,21.80,11.40
2026-05-20 15:47:47,25.58,36,2839,0.40,,31.00,0.00,21.80,11.40
2026-05-20 15:48:17,25.61,36,2839,0.50,,31.00,0.00,21.80,11.40
2026-05-20 15:48:48,25.60,36,2839,0.80,,31.00,0.00,21.90,11.40
2026-05-20 15:49:18,25.66,36,2838,6.80,,31.00,0.00,18.30,11.40
2026-05-20 15:49:49,25.67,36,2838,8.30,,31.00,1.00,22.90,11.40
2026-05-20 15:50:19,25.66,36,2838,1.10,,31.00,0.00,23.40,11.40
2026-05-20 15:50:50,25.65,35,2838,0.90,,31.00,0.00,23.00,11.40
2026-05-20 15:51:20,25.66,35,2838,1.30,,31.00,0.00,23.20,11.40
2026-05-20 15:51:51,25.67,35,2838,1.20,,31.00,0.00,23.30,11.40
2026-05-20 15:52:21,25.67,35,2838,2.20,,31.00,1.00,23.10,11.40
2026-05-20 15:52:51,25.68,35,2838,1.30,,31.00,0.00,23.10,11.40
2026-05-20 15:53:22,25.71,35,2838,1.20,,30.00,0.00,23.20,11.40
2026-05-20 15:53:52,25.65,35,2838,0.80,,30.00,0.00,23.40,11.40
2026-05-20 15:54:23,25.66,35,2835,1.20,,31.00,0.00,23.60,11.40
2026-05-20 15:54:53,25.65,34,2835,2.80,,31.00,4.00,23.80,11.20
2026-05-20 15:55:24,25.66,34,2835,1.00,,30.00,0.00,23.70,11.20
2026-05-20 15:55:54,25.66,34,2835,1.70,,30.00,2.00,24.00,11.20
2026-05-20 15:56:25,25.64,34,2835,2.00,,30.00,1.00,24.00,11.20
2026-05-20 15:56:55,25.64,34,2835,1.40,,30.00,1.00,24.00,11.20
2026-05-20 15:57:26,25.67,34,2835,1.20,,30.00,2.00,24.60,11.20
2026-05-20 15:57:56,25.65,34,2835,3.40,,30.00,1.00,24.70,11.20
2026-05-20 15:58:27,25.67,34,2835,1.40,,30.00,1.00,24.60,11.20
2026-05-20 15:58:57,25.66,34,2835,2.00,,30.00,2.00,24.90,11.20
2026-05-20 15:59:27,25.66,34,2842,7.00,,31.00,4.00,26.00,11.20
2026-05-20 15:59:58,25.69,34,2842,4.80,,31.00,6.00,26.20,11.20
2026-05-20 16:00:28,25.69,35,2842,4.70,,31.00,6.00,26.20,11.20
2026-05-20 16:00:59,25.74,34,2842,2.10,,31.00,1.00,26.10,11.20
2026-05-20 16:01:29,25.73,34,2842,1.80,,31.00,2.00,26.00,11.20
2026-05-20 16:02:00,25.74,34,2842,1.90,,31.00,3.00,25.50,11.20
2026-05-20 16:02:47,25.79,35,2842,1.70,,31.00,4.00,25.20,11.20
2026-05-20 16:03:17,25.82,34,2842,1.90,,32.00,4.00,25.10,11.20
2026-05-20 16:03:48,25.86,34,2842,2.30,,32.00,3.00,25.00,11.20
2026-05-20 16:04:18,25.87,34,2838,1.50,,32.00,4.00,25.20,11.20
